{
  "configuration": {
    "n_samples": 500,
    "n_queries": 50,
    "dim": 128,
    "n_bits": 6,
    "k": 10,
    "hamming_radius": 1,
    "max_iter": 30
  },
  "j_phi_optimization": {
    "final_cost": 2.2280007720000485,
    "initial_cost": 2.6180003820000324,
    "cost_improvement": 0.38999960999998384,
    "recall": 0.032
  },
  "recall_optimization": {
    "final_cost": 2.75600272837503,
    "initial_cost": 4.128001356375025,
    "cost_improvement": 1.3719986279999947,
    "recall": 0.018000000000000002
  },
  "comparison": {
    "recall_improvement": -0.013999999999999999,
    "best_method": "j_phi"
  }
}